{"cameraMode":{"drawMode":0,"name":"Shaded","section":"Shading Mode"},"sceneLighting":true,"audioPlay":false,"sceneViewState":{"m_AlwaysRefresh":false,"showFog":true,"showSkybox":true,"showFlares":true,"showImageEffects":true,"showParticleSystems":true,"showVisualEffectGraphs":true,"m_FxEnabled":true},"in2DMode":false,"pivot":{"x":6.353708744049072,"y":2.102964401245117,"z":5.8360443115234379},"rotation":{"x":-0.16965387761592866,"y":0.09650629758834839,"z":-0.016695333644747735,"w":-0.9806278944015503},"size":8.242780685424805,"orthographic":false}