{"cameraMode":{"drawMode":0,"name":"Shaded","section":"Shading Mode"},"sceneLighting":false,"audioPlay":false,"sceneViewState":{"m_AlwaysRefresh":false,"showFog":true,"showSkybox":false,"showFlares":true,"showImageEffects":true,"showParticleSystems":true,"showVisualEffectGraphs":true,"m_FxEnabled":true},"in2DMode":false,"pivot":{"x":48.436134338378909,"y":106.6256332397461,"z":15.186813354492188},"rotation":{"x":0.06650278717279434,"y":0.038600753992795947,"z":-0.0025567689444869758,"w":0.9970501661300659},"size":52.101375579833987,"orthographic":false}