{"cameraMode":{"drawMode":0,"name":"Shaded","section":"Shading Mode"},"sceneLighting":false,"audioPlay":false,"sceneViewState":{"m_AlwaysRefresh":false,"showFog":true,"showSkybox":false,"showFlares":true,"showImageEffects":true,"showParticleSystems":true,"showVisualEffectGraphs":true,"m_FxEnabled":true},"in2DMode":false,"pivot":{"x":0.0007953643798828125,"y":1.1920928955078126e-7,"z":2.384185791015625e-7},"rotation":{"x":0.05921565368771553,"y":0.5289595127105713,"z":-0.03703473135828972,"w":0.8457699418067932},"size":3.681002378463745,"orthographic":false}