{"cameraMode":{"drawMode":0,"name":"Shaded","section":"Shading Mode"},"sceneLighting":false,"audioPlay":false,"sceneViewState":{"m_AlwaysRefresh":false,"showFog":true,"showSkybox":false,"showFlares":true,"showImageEffects":true,"showParticleSystems":true,"showVisualEffectGraphs":true,"m_FxEnabled":true},"in2DMode":false,"pivot":{"x":0.0437169075012207,"y":-0.04642343521118164,"z":-2.384185791015625e-7},"rotation":{"x":0.14788419008255006,"y":0.44699355959892275,"z":-0.0748414620757103,"w":0.8791215419769287},"size":2.494858980178833,"orthographic":false}