{"cameraMode":{"drawMode":0,"name":"Shaded","section":"Shading Mode"},"sceneLighting":false,"audioPlay":false,"sceneViewState":{"m_AlwaysRefresh":false,"showFog":true,"showSkybox":false,"showFlares":true,"showImageEffects":true,"showParticleSystems":true,"showVisualEffectGraphs":true,"m_FxEnabled":true},"in2DMode":false,"pivot":{"x":0.0690569281578064,"y":0.000024199485778808594,"z":-0.06905651092529297},"rotation":{"x":0.13564229011535645,"y":0.4817315638065338,"z":-0.07576596736907959,"w":0.8624375462532044},"size":1.1860023736953736,"orthographic":false}