{"cameraMode":{"drawMode":0,"name":"Shaded","section":"Shading Mode"},"sceneLighting":false,"audioPlay":false,"sceneViewState":{"m_AlwaysRefresh":false,"showFog":true,"showSkybox":false,"showFlares":true,"showImageEffects":true,"showParticleSystems":true,"showVisualEffectGraphs":true,"m_FxEnabled":true},"in2DMode":false,"pivot":{"x":0.016840435564517976,"y":-0.11301113665103913,"z":0.378318190574646},"rotation":{"x":-0.28598645329475405,"y":-0.24070575833320619,"z":0.0744590312242508,"w":-0.9245161414146423},"size":0.373504102230072,"orthographic":false}