{"cameraMode":{"drawMode":0,"name":"Shaded","section":"Shading Mode"},"sceneLighting":false,"audioPlay":false,"sceneViewState":{"m_AlwaysRefresh":false,"showFog":true,"showSkybox":false,"showFlares":true,"showImageEffects":true,"showParticleSystems":true,"showVisualEffectGraphs":true,"m_FxEnabled":true},"in2DMode":false,"pivot":{"x":105.22064971923828,"y":363.30816650390627,"z":-41.205162048339847},"rotation":{"x":0.06650278717279434,"y":0.038600753992795947,"z":-0.0025567689444869758,"w":0.9970501661300659},"size":24.4471492767334,"orthographic":false}