{"cameraMode":{"drawMode":0,"name":"Shaded","section":"Shading Mode"},"sceneLighting":false,"audioPlay":false,"sceneViewState":{"m_AlwaysRefresh":false,"showFog":true,"showSkybox":false,"showFlares":true,"showImageEffects":true,"showParticleSystems":true,"showVisualEffectGraphs":true,"m_FxEnabled":true},"in2DMode":false,"pivot":{"x":16.689998626708986,"y":-53.13478088378906,"z":3.9800024032592775},"rotation":{"x":0.06650278717279434,"y":0.038600753992795947,"z":-0.0025567689444869758,"w":0.9970501661300659},"size":17.120281219482423,"orthographic":false}