{"cameraMode":{"drawMode":0,"name":"Shaded","section":"Shading Mode"},"sceneLighting":false,"audioPlay":false,"sceneViewState":{"m_AlwaysRefresh":false,"showFog":true,"showSkybox":false,"showFlares":true,"showImageEffects":true,"showParticleSystems":true,"showVisualEffectGraphs":true,"m_FxEnabled":true},"in2DMode":false,"pivot":{"x":0.0006511211395263672,"y":7.152557373046875e-7,"z":-1.1920928955078126e-7},"rotation":{"x":0.22539688646793366,"y":0.7361883521080017,"z":-0.2925936281681061,"w":0.5671212077140808},"size":2.3703930377960207,"orthographic":false}