{"cameraMode":{"drawMode":0,"name":"Shaded","section":"Shading Mode"},"sceneLighting":false,"audioPlay":false,"sceneViewState":{"m_AlwaysRefresh":false,"showFog":true,"showSkybox":false,"showFlares":true,"showImageEffects":true,"showParticleSystems":true,"showVisualEffectGraphs":true,"m_FxEnabled":true},"in2DMode":false,"pivot":{"x":-0.0004006028175354004,"y":0.6346374750137329,"z":-0.0282289981842041},"rotation":{"x":0.1699221283197403,"y":-0.7113807797431946,"z":0.18407782912254334,"w":0.6567166447639465},"size":3.03096342086792,"orthographic":false}