{"cameraMode":{"drawMode":0,"name":"Shaded","section":"Shading Mode"},"sceneLighting":false,"audioPlay":false,"sceneViewState":{"m_AlwaysRefresh":false,"showFog":true,"showSkybox":false,"showFlares":true,"showImageEffects":true,"showParticleSystems":true,"showVisualEffectGraphs":true,"m_FxEnabled":true},"in2DMode":false,"pivot":{"x":-62.091094970703128,"y":-0.23547855019569398,"z":6.077521800994873},"rotation":{"x":0.1745922714471817,"y":0.009746664203703404,"z":-0.0017285739304497839,"w":0.9845925569534302},"size":1.304988145828247,"orthographic":false}